{"proxies":{"com.reshopper.dfp.ComReshopperDfpModule":{"superPackageName":"org.appcelerator.kroll","superProxyBindingClassName":"org.appcelerator.kroll.KrollModuleBindingGen","proxyClassName":"ComReshopperDfpModule","proxyAttrs":{"propertyAccessors":[],"fullAPIName":"ComReshopperDfp","name":"ComReshopperDfp","proxyClassName":"com.reshopper.dfp.ComReshopperDfpModule","isTopLevel":false,"id":"com.reshopper.dfp"},"packageName":"com.reshopper.dfp","sourceName":"com.reshopper.dfp.ComReshopperDfpModuleBindingGen","constants":{"EMULATOR_ID":{"proxyName":"EMULATOR_ID","name":"EMULATOR_ID","type":"java.lang.String","value":"[[[[[ -- PublisherAdRequest.DEVICE_ID_EMULATOR -- ]]]]]"}},"superProxyClassName":"KrollModule","isModule":true,"genClassName":"ComReshopperDfpModuleBindingGen"},"com.reshopper.dfp.DfpViewProxy":{"superPackageName":"org.appcelerator.titanium.proxy","methods":{"destroyAd":{"runOnUiThread":false,"hasInvocation":false,"args":[],"apiName":"destroyAd","converter":"org.appcelerator.kroll.KrollConverter","defaultValueProvider":"org.appcelerator.kroll.KrollConverter","name":"__default_name__","returnType":"void"}},"superProxyBindingClassName":"org.appcelerator.titanium.proxy.TiViewProxyBindingGen","proxyClassName":"DfpViewProxy","proxyAttrs":{"propertyAccessors":[],"fullAPIName":"ComReshopperDfp.DfpView","name":"DfpView","proxyClassName":"com.reshopper.dfp.DfpViewProxy","isTopLevel":false,"id":"com.reshopper.dfp.DfpViewProxy","creatableInModule":"com.reshopper.dfp.ComReshopperDfpModule","parentModule":"org.appcelerator.kroll.annotations.Kroll.DEFAULT"},"packageName":"com.reshopper.dfp","sourceName":"com.reshopper.dfp.DfpViewProxyBindingGen","superProxyClassName":"TiViewProxy","isModule":false,"genClassName":"DfpViewProxyBindingGen"}},"modules":{"com.reshopper.dfp.ComReshopperDfpModule":{"apiName":"ComReshopperDfp","createProxies":[{"propertyAccessors":[],"fullAPIName":"ComReshopperDfp.DfpView","name":"DfpView","proxyClassName":"com.reshopper.dfp.DfpViewProxy","isTopLevel":false,"id":"com.reshopper.dfp.DfpViewProxy","creatableInModule":"com.reshopper.dfp.ComReshopperDfpModule","parentModule":"org.appcelerator.kroll.annotations.Kroll.DEFAULT"}]}}}